1;treads.wav
2;shot.mp3
3;mine_explosion.mp3
4;mine_drop.mp3
5;bullet_explosion.wav
6;bullet_bounce.mp3
7;intro.mp3
16;enemy_2
17;enemy_1
18;player
36;wall
39;cursor_floater
42;bullet
62;bomb_explosion
87;wall_explosion
96;bullet_bounceExp
113;bullet_explosion
118;tank_tread
122;bullet_smoke
135;tank_muzzleflash
144;bomb
168;tank_explosion
170;tank_death
181;mission_intro
185;mission_failed
192;mission_complete
197;mission_start
198;cursor_trail
201;node
204;playerGui
207;missionGui
208;explosion_container
237;__Packages.mx.transitions.OnEnterFrameBeacon
238;__Packages.mx.transitions.BroadcasterMX
239;__Packages.mx.transitions.Tween
240;__Packages.ObjectMap
241;__Packages.mx.transitions.easing.None
